Id,keyword,Descreption
1,accident,Accident cleared in #PaTurnpike on PATP EB between PA-18 and Cranberry slow back to #traffic http://t.co/SL0Oqn0Vyr
2,accident,Just got to love burning your self on a damn curling wand... I swear someone needs to take it away from me cuase I'm just accident prone.
3,accident,I hate badging shit in accident
4,accident,#3: Car Recorder ZeroEdgeå¨ Dual-lens Car Camera Vehicle Traffic/Driving History/Accident Camcorder  Large Re... http://t.co/kKFaSJv6Cj
5,accident,Coincidence Or #Curse? Still #Unresolved Secrets From Past http://t.co/7VG8Df9pLE #accident
6,accident,@Traffic_SouthE @roadpol_east Accident on A27 near Lewes is it Kingston Roundabout rather than A283
7,ambulance,@vballplaya2296 want me to send you  some medic supplies from my dad's ambulance?
8,ambulance,2 held with heroin in ambulance http://t.co/d9sOwi1G21 http://t.co/OPxmdPIwAu
9,ambulance,http://t.co/B2FaSrt1tN Twelve feared killed in Pakistani air ambulance helicopter crash http://t.co/O8BJXnEPQm
10,ambulance,Why should a helicopter ambulance ride to transfer to a hospital 21 miles away cost $29800? http://t.co/7ZqIreY7Te http://t.co/9Qp3PqPwZv
11,apocalypse,I added a video to a @YouTube playlist http://t.co/OCurjyDRcn FUTURISTIC HOUSE (Built To Survive The Apocalypse!) - Minecraft Maps
12,apocalypse,|LIVE NOW| Princes of the Apocalypse:  D&amp;D Encounters #meerkat http://t.co/oY9ES9FVlt
13,apocalypse,I liked a @YouTube video http://t.co/e89GPNEPzT Minecraft: NIGHT LUCKY BLOCK MOD (BOB APOCALYPSE WITHER 2.0 &amp; MORE!) Mod Showcase
14,apocalypse,OMg zombie apocalypse among my students... -___-
15,apocalypse,I liked a @YouTube video http://t.co/uJrIaIVqln Minecraft: NIGHT LUCKY BLOCK MOD (BOB APOCALYPSE WITHER 2.0 &amp; MORE!) Mod Showcase
16,dead,"Please tell me Ross isn't actually dead...
I hope they're just playing us until the next episode. #emmerdale"
17,dead,411Naija åÈ Flood: Two people dead 60 houses destroyed in Kaduna http://t.co/yAvL49DoOF
18,dead,If you're my boyfriend's ex or had any feelings for him. DONT TALK TO HIM! Don't follow him. He is dead to you. He don't exist niggah. ??????????
19,dead,For everyone that doesn't know Chris Prater was struck by a train this morning and pronounced dead on scene. Prayers to his family.
20,dead,@_ToneDidIt this can't be real nah ?? her mother is dead wrong ????
21,dead,no way can ross be dead..?? #Emmerdale
22,dead,WHAT AN INCREDIBLE CHARACTER MY HEART IS BROKEN THAT HE IS ACTUALLY DEAD!! #RIPROSS WE WILL MISS YOU!  https://t.co/LgqmdnaVDf
23,demolish,Barton-Le-Clay house owner told to demolish extension - BBC News http://t.co/inxvExrsyV
24,demolish,"RT AbbsWinston: #Zionist #Terrorist Demolish Tire Repair Shop Structure in #Bethlehem
http://t.co/Om3ntQIh2m http://t.co/6SAS3fuahA"
25,demolish,Salvation Army bid to demolish cottages http://t.co/3kuXonOchl #Southend http://t.co/enQaSCGFyw
26,demolish,Enugu Government to demolish illegal structures at International Conference Centre http://t.co/9Hq5miwXFU
27,demolish,Contractor hired to demolish Goodrich plant in Miami files for bankruptcy - Tulsa World: Manufacturing http://t.co/uk7YwsvMgA
28,demolish,Enugu Government to demolish illegal structures at International Conference Centre: Enugu State government app... http://t.co/bzINn2wXHu
29,demolish,'I will demolish your head' 'you are all corrupt' 'i will vandalise your head' - Aliyu Mani #SecSchoolInNigeria
30,demolish,"Listen to @AnaKasparian demolish the case against Planned Parenthood!!
*whiny voice* 'I just really love aboooooortiooooonnnnns.' #DefundPP"
31,demolish,Hope someone buys it! Former post office in Napa now for sale http://t.co/2ZeV1Zyttg #preservation
32,demolish,We're about to demolish the other team right after we eat this pizza. We don't need no fitness- Ashton Irwin #MTVHottest 5SOS #5sosquotes
33,demolish,Trying to get higher in the bathroom at work with my pen b4 I go and demolish my food ??????
34,demolish,5000 year old ring fort to be demolished http://t.co/kNLZfC8QSl
35,demolish,Enugu Government to demolish illegal structures at International Conference Centre http://t.co/bq67uDctjc RT
36,demolish,Economic Wisdom ÛÒ Great Economists Demolish Establishment Nonsense http://t.co/H8NKtqU5O9 The Case for #Logic and #Reason
37,demolish,No Shane I'm sorry you are wrong. You were propagating that an all out attack would demolish England #reversal
38,demolish,I promise you @WinningWhit and I could assemble a team to demolish this. https://t.co/RN2MdghfO1
39,derailed,@CoolBreezeT train derailed at Smithsonian...no passenger train...then my red line train became disabled between FH &amp; Bethesda
40,derailed,.@janeannmorrison: A former Assembly candidate is still waiting for answers http://t.co/Mm5z32vKPC
41,derailed,Interesting to note: Metro train derailed in Washington this morn after going thru interlocking area. One of lines affected by closure 1/3
42,derailed,@FixWMATA @AdamTuss Do you know about path of derailed train? Doesn't make sense. If it was coming from yard why turning at Smithsonian?
43,derailed,Train derailed at Smithsonian Metro. Sidewalks outside L'Enfant mobbed to get on buses @wmata #nightmarecommute
44,derailed,@lizkhalifa no passenger train derailed earlier this morning
45,derailed,".@CBCNorth see photo Old Lady of the Falls (sacred site) RR says derailed Talston power line to diamond mines in 2010
http://t.co/SxlfSNsPH0"
46,derailed,'We may be derailed right now but we are going to keep holding on to remain on track' -@kristnmalea #DerailingDistractions
47,derailed,Also there is no estimate of damage yet from #WMATA/#Metro on the six-car train that derailed ~5 a.m. Shuttle service available. @CQnow
48,derailed,Oh a #wmata train derailed. Kind of disappointed how unsurprised I am.
49,derailed,3 cars of #Metro train ready to go into service derailed near #Smithsonian station disrupting service. No injuries. More at noon @wusa9
50,derailed,'@WSJ: How a rare lizard derailed Adani GroupÛªs plan to build a huge coal mine in Australia http://t.co/dkNPK6FbE4 http://t.co/BiVShY4q1b'
51,destroy,Debate question: The robots have become self aware; do with destroy them thus thrusting the world into a tech-free life or re-enslave them?
52,destroy,@Adz77 You spelled Ronda wrong last night and then again today ;) @RondaRousey she'll destroy you.
53,destroy,Overall the English lads did very well today. They need to pile on and get over 400 runs ahead and destroy...
54,destroy,"JAKE I SWEAR TO GOD IF THEREÛªS ONE MORE GOD DAMN PIECE OF ALGAE IN THE PONDS I AM GOING TO DESTROY ALL THOSE LITTLE FISH.

#momtherbot"
55,destroy,People can't destroy you unless you let them.
56,destroy,When something bad happens; you have 3 choices: You can either let it define you destroy you or let it strengthen you.
57,destroy,GOP Plan to Destroy Public Education - Cut Teacher Pay and Even Make Them Buy Their Own School Supplies: Pure Evil - http://t.co/WST2tWqS8D
58,destroy,"But bad people kiss too. Hehe
Their kisses can destroy."
59,destroy,@alexhern he created vr only he can destroy it.
60,destroy,Skate and Destroy em Taguatinga - Campeonatos de Skate http://t.co/xWW9dOPLK9
61,destroy,When people fear you they will try to say and do anything to destroy your #Pride.
62,destroy,It's a real world. No glass shoe. No seven dwarfs. But there's always a villain who wants to destroy your life.
63,destroy,This #NBCTheWiz cast is about to destroy tv sets across the nation!!!!
64,detonate,@HJudeBoudreaux Start your car with it! Or use it to detonate an evil henchman!!
65,detonate,Track : Apollo Brown - Detonate ft. M.O.P.  |  @ApolloBrown @BILLDANZEMOP @FAMEMOP http://t.co/GR9q1wvi2n http://t.co/k3rEb7iRlc
66,detonate,"Apollo Brown-Detonate Featuring M.O.P.
http://t.co/JnoE2r2EIN"
67,detonate,"Apollo Brown - Detonate (ft. M.O.P.) [Single] http://t.co/S5mU04L2rl
@ApolloBrown"
68,detonate,Apollo Brown ÛÒ Detonate feat. M.O.P.: Producer Apollo Brown is proud to present his upcoming album Grandeur wh... http://t.co/pfA0S9ZCUB
69,detonate,Best Moments of Jon Stewart on the Daily Show http://t.co/EOPbXWoZbm
70,detonate,@spinningbot Are you another Stand-user? If you are I will have to detonate you with my Killer Queen.
71,detonate,Audio: Listen/purchase: Detonate (feat. M.O.P.) by Apollo Brown http://t.co/6ZSWtoKsif
72,detonate,@NickKristof Contradictory: 'We should've tried [to detonate on an uninhabited island]' &amp; then 'the alternatives'ÛÓcategoricallyÛÓwere worse
73,detonate,Listen to Apollo Brown - Detonate (feat. M.O.P.) by Mello Music Group #np on #SoundCloud https://t.co/C0Fex1XAlG
74,detonate,@someone92883220 they had to detonate it to determine it was a hoax device. Didn't feel comfortable just opening it.
75,detonate,Track : Apollo Brown - Detonate ft. M.O.P.  |  @ApolloBrown @BILLDANZEMOP @FAMEMOP http://t.co/t9i3pWvjOy http://t.co/76aNr2iocL
76,detonate,Apollo Brown ÛÒ Detonate feat. M.O.P.: Producer Apollo Brown is proud to present his up... http://t.co/3chxB8QbdD :http://t.co/zMh7nebmwY
77,detonate,First Stearns grenade thought to be WWII-era. This one apparently newer. Bomb squad plans to detonate around 8 p.m. http://t.co/qppTQ6oTat
78,disaster,IRIN Asia | Red tape tangles Nepal reconstruction | Nepal | Disaster Risk Reduction | Natural Disasters http://t.co/q7LG6ncf7G
79,disaster,@quinhii I'm the one who started it so I feel like I have so much responsibility bUT NO ONE DOES ANYTHING OTL (a 'national' disaster lol)
80,disaster,Trying to route my sister into W. Lafayette from the Indy airport. Suggested I-74 to SR 25 west of Crawfordsville. Hope it's not a disaster.
81,disaster,Time to End the Disaster of Rail Privatisation http://t.co/ksxznPY5gt
82,disaster,Reade this and see how are politicians are leading us to disaster all for the #GreedyRich https://t.co/2bFliBD2sh
83,disaster,paladins is going to be a disaster
84,disaster,#MicrosoftÛªs #Nokia acquisition was an even bigger #disaster than we ever imagined http://t.co/CV0mrisFt3
85,disaster,#OVERPOPULATION Not only R women incapable of keeping their legs together 2 save the world from endless brats they want to RUN the disaster
86,disaster,Harper gets sassed by Albertans after calling NDP government a Û÷disaster' http://t.co/vsMOJyfzDg via @huffpostalberta #HarperBlamesAlbertans
87,disaster,WHAT A DISASTER FOR SECRET  #TI5
88,disaster,Disaster [Chapter 27] https://t.co/EAsxT3y84R http://t.co/CjUFunsDKg
89,disaster,Deepwater drill company gains $735m: Transocean one of the companies associated with BP's Deepwater Horizon oil well disaster recoversÛ_
90,disaster,MicrosoftÛªs Nokia acquisition was an even bigger disaster than we ever imagined https://t.co/4MneTInGXl
91,disaster,Not an electric debut for Severino but not a disaster either. Looking forward to see what adjustments he makes for start #2.
92,disaster,"This Palestinian family was lucky but hundreds are feared dead in the latest boat disaster in the Mediterranean
https://t.co/cT5v3LcNKD"
93,drown,I'm incredibly sad &amp; heartbroken so I'm just going to drown my sorrows in food &amp; watch tv all night ?? http://t.co/yQiZ2p1rSm
94,drown,I'm bout to get in the shower an drown
95,drown,i cant breathe and i feel my throat closing up i want to die let me drown in my own tears please
96,drown,Need to drown in ice cream??
97,drown,@dolphfan36 I made it...Didnt drown
98,drown,@GraysonDolan id drown
99,drown,@LadyTraining yes I will probably drown her in craft throughout our years but by no means spoiled
100,drown,Throw me in the deep end watch me drown
101,drown,I'm gonna drown myself in leftover chilis wishing it was with him lol
102,drown,I'll let Louis drown me at the water wall by the mall If that makes him smile
103,drown,drown me in clementines
104,drown,When I genuinely like someone I REALLYYY like them and I have to hold back or else I'll drown them with affection and attention ??
105,drown,Fuck around and drown ???? https://t.co/fr5z9WklMZ
106,drown,absolute drown your Wagyu steak in heaping piles of moist Smuckers Grape Jam
107,drown,Drown me you make my heart beat like the rain.
108,drown,@Vanquiishher it can legit drown
109,drown,Yeah I'm definitely just gonna go drown myself in the pool bc it's just too damn hot inside
110,drown,@GraysonDolan I'll fall and drown so I think I'll pass
111,earthquake,USGS EQ: M 1.9 - 5km S of Volcano Hawaii: Time2015-08-06 01:04:01 UTC2015-08-05 15:04:01 -10:00 a... http://t.co/3rrGHT4ewp #EarthQuake
112,earthquake,#Earthquake of M 2.9 - 140km W of Ferndale California http://t.co/8t8oSCs4w7
113,earthquake,@lizXy_ IMAGINE IF AN EARTHQUAKE HAPPENED
114,earthquake,#Children traumatised after the Nepal earthquake are educated on coping mechanisms.   http://t.co/UbwDBydK1a
115,earthquake,Manuscript suspiciously rejected by Earthquake Science Journal could rock your world https://t.co/6vBQEwsl1J viaYouTube
116,earthquake,@GreenLacey GodsLove &amp; #thankU my sister for RT of NEW VIDEO http://t.co/cybKsXHF7d The Coming Apocalyptic US Earthquake &amp; Tsunami
117,earthquake,5.3 #Earthquake in South Of Fiji Islands. #iPhone users download the Earthquake app for more information http://t.co/V3aZWOAmzK
118,earthquake,#USGS M 1.9 - 15km E of Anchorage Alaska: Time2015-08-06 00:11:16 UTC2015-08-05 16:11:16 -08:00 at epicen... http://t.co/HkIiPyX5jL #SM
119,earthquake,1.57 magnitude #earthquake. 27 km from #Ramona CA #UnitedStates http://t.co/ZtOlVGkDuk
120,earthquake,1.9 magnitude #earthquake. 16 km from Anchorage AK #UnitedStates http://t.co/wVu08yJGOK
121,earthquake,#SISMO ML 2.0 SICILY ITALY http://t.co/vsWivoDCkL
122,evacuate,guy next to me walks into our tiny office room with the fishiest smelling lunch ever. EVACUATE
123,evacuate,@crown_769 I'd rather have an ass in fire. At least I'd know whatever I eat will evacuate. Heartburn sticks around.
124,evacuate,SALHA(1):HARRY STYLES(2)U KNOW WHERE IS UR P_EOPLE#HURRY#EVACUATE THEM FROM#HELL.#JUST SHAHADA&amp;'PICK#ME'.#CLASS_SICK http://t.co/UpdDVr6jva
125,evacuate,ISIS are deploying their troops to other battle grounds since deal with Turkey to evacuate buffer zone areas hence moving fronts to Assad.
126,evacuate,What if the fire up in the Catalinas gets worse and we have to evacuate the area. Aka no school tomorrow
127,evacuate,MY DOG JUST FARTED EVACUATE THIS FUCKIN ROOM DISGUSTING ASS BROOM LOOKIN ASS
128,evacuate,my father fucking died when the north tower collapsed ON HIM as he was trying to evacuate more people from the building.
129,evacuate,@yourgirlhaileyy leaveevacuateexitbe banished.
130,evacuate,Just had to evacuate the 100 Oaks Regal theater. I've never been more terrified.
131,evacuate,Town of Roosevelt Washington ordered to evacuate again as fire worsens http://t.co/Xkh5s1DR8d
132,explode,@wyattmccab you'd throw a can of Copenhagen wintergreen on the ground that would explode on your enemies and give them mouth cancer
133,explode,my damn head feel like it's gone explode ??
134,explode,happy Justin makes my heart explode
135,explode,Vanessa was about to explode! This is what she wanted to say to Shelli. Their alliance will survive. #BB17 #BBLF http://t.co/rypGKScHng
136,explode,My ears are gonna explode smh
137,explode,Some guys explode ??
138,explode,@magicallester I will die. I'm actually being serious. My heart will beat so fast it will fly out off my chest &amp; explode
139,explode,Facebook Influence 2.0: Simple strategy to explode your Facebook page and create moreÛ_ http://t.co/rWPRtMIbHl
140,explode,im sooooooo full my stomach is going to explode
141,explode,I need a follow before I explode @GraysonDolan
142,explode,I feel like I'm going to explode with excitement! Wonder begins within the hourÛ_Û_ https://t.co/zDZJ5kRbzr
143,explode,Twitter will explode...light the match @realmandyrain
144,famine,http://t.co/tcXRtfaPZa Russian 'food crematoria' provoke outrage amid crisis famine memories http://t.co/eT9xxfdJnM
145,famine,'Russian 'Food Crematoria' Provoke Outrage Amid Crisis Famine Memories' by REUTERS via NYT http://t.co/jbYjbQEoiK #Ukraine
146,famine,Ukraine famine memorial in progress since 2006 goes up in Washington: http://t.co/Td7VIEoODi
147,famine,#IntlDevelopment Ukraine Famine Monument Erected In Washington: Û_ who perished in the Ukraine famine of the 19...  http://t.co/nUPy6EPAWn
148,famine,"@WuckForld @LioniskingRTAC To be alive even a heroic
Famine drink look out"
149,famine,So shameful and tragic.. http://t.co/5p1e40qkGV
150,famine,#Ukraine #Kyiv #News Radio Free Europe/Radio Liberty: Ukraine famine monument erected in ... http://t.co/ME5u1YqH4i #Kiev #Ukrainian #Ua
151,famine,"NONSENSE &gt;&gt; famine memories  -- strong exaggeration of Ukrainian MSM
#ukraine #russia #?????????? #sanctions https://t.co/dDOTd7W2o8"
152,famine,I would rather dwell in the land of famine and be in God's perfect will than to rest in the confines of Egypt... http://t.co/P14oePCrW0
153,famine,Miners strike; Botha Apartheid SA Tutu Nobel prize; IRA bomb Brighton  Famine in Ethiopia. '84 feels like yesterday http://t.co/UZKssvj9CW
154,famine,Russian 'food crematoria' provoke outrage amid crisis famine memories http://t.co/kZYvMnqHy7 via @Reuters
155,fatal,Protesters mark year since fatal police shooting in Wal-Mart (from @AP) http://t.co/3KbeJGmj0d
156,fatal,Police investigate fatal shooting on 71 Highway http://t.co/0KJjdaOJHI
157,fatal,Success is not final failure is not fatal.It is the courage to continue that counts - http://t.co/gRTHlAACfV
158,fatal,11-Year-Old Boy Charged With Manslaughter of Toddler: Report: An 11-year-old boy has been charged with manslaughter over the fatal sh...
159,fatal,11-Year-Old Boy Charged With Manslaughter of Toddler: Report: An 11-year-old boy has been charged with manslaughter over the fatal sh...
160,fatal,Trim error led to fatal Greek F-16 crash: ?A NATO safety investigation board report has determined that the ma... http://t.co/YhSahLKQo4
161,fatal,Photo: No need to put your all your feelings on social mediaÛ_the results could be fatal. #message http://t.co/EzxtovAl4l
162,fatal,@LadyShaxx That is freaking awesome!
163,fatal,Seatbelts really do save people man. Alot of fatal recks have no intrusion of the interior People just fly out
164,fatal,Investigators shift focus to cause of fatal Waimate fire http://t.co/ej0mewOupS
165,fatal,"Police continue to investigate fatal shooting on Vermont &amp; 14th Street
http://t.co/daACJ5Hfmq"
166,fatal,11-Year-Old Boy Charged With Manslaughter of Toddler: Report: An 11-year-old boy has been charged with manslaughter over the fatal sh...
167,fire,HOLY FUCK SOMEONE SET ME ON FIRE https://t.co/GXnvqCGjQ2
168,fire,Why is it that my pinky feels like it's lit on fire ? #freaky
169,fire,@21Joseph fire
170,fire,almost set the house on fire tryna make fucking hotdogs...
171,fire,AMAZON KINDLE FIRE 7' FAST REPAIR SERVICE FOR POWER JACK USB CHARGING PORT - Full read by Û_ http://t.co/2WHegYGS3k http://t.co/5b0BH8vPM6
172,fire,I just got electrocuted by my #HP Chromebook charger it sparked and caught fire #HP http://t.co/UBywQHoaWr
173,fire,Even with delays? Like a bogged down cpu? #gunsense @Minutemaniac @shieldmaidn @BigFatDave
174,fire,I just watched Halt and Catch Fire 2x10 'Heaven is a Place' https://t.co/jcPxOrV3AU #trakt
175,fire,@_NickSimboli_ u know what I'd say she's the equivalent of strawberries in this case I would say she's fire ????
176,fire,@traplordthings Y din u fav my fire memez åÀ!
177,fire,Politifiact: Harry Reid's '30 Percent of Women Served' Planned Parenthood Claim Is a 'Pants on Fire' Lie: Call... http://t.co/wY4Xu1A9j4
178,fire,When your likes your Fire IG selfie ????
179,flood,Spot Flood Combo 53inch 300W Curved Cree LED Work Light Bar 4X4 Offroad Fog Lamp - Full reÛ_ http://t.co/E6BnWxFtkb http://t.co/Ww2uVHRy89
180,flood,Hey @FLOOD_magazine send me to #HOTCHIP @hot_chip @greektheatrela
181,flood,If you decide to get rid of #flood damaged #furniture solid waste will pick it up for a fee. You can call #Tampa Solid Waste at 813-274-8811
182,flood,2 NNW Hana [Maui Co HI] COUNTY OFFICIAL reports COASTAL FLOOD at 5 Aug 10:00 AM HST -- WAIANAPANAPA STATE PARK CLOSED DUE TO LARGE SURF. Û_
183,flood,Flood Advisory issued August 05 at 4:35PM EDT by NWS http://t.co/fuZ7y44P4I #WxKY
184,flood,2pcs 18W CREE Led Work Light  Offroad Lamp Car Truck Boat Mining 4WD FLOOD BEAM - Full reaÛ_ http://t.co/0AIV5KhZjv http://t.co/q6HHZbFxCv
185,flood,12' 72W CREE LED Work Light Bar Alloy Spot Flood Combo Diving Offroad 4WD Boat - Full readÛ_ http://t.co/o7x8oDiBqU http://t.co/jWqxKwSOLL
186,flood,2pcs 18W CREE Led Work Light  Offroad Lamp Car Truck Boat Mining 4WD FLOOD BEAM - Full reaÛ_ http://t.co/yo9q6WxweU http://t.co/n581wQqyAS
187,flood,How did I know as soon as I walked out of class that Calgary would flood again today
188,flood,2pcs 18W CREE Led Work Light  Offroad Lamp Car Truck Boat Mining 4WD FLOOD BEAM - Full reaÛ_ http://t.co/Yrd3nPC9V0 http://t.co/AnRd0VIfwK
189,flood,12' 72W CREE LED Work Light Bar Alloy Spot Flood Combo Diving Offroad 4WD Boat - Full readÛ_ http://t.co/8Mk9TD4RRL http://t.co/W20rH3Ai9J
190,flood,Myanmar Flood Victims Need More Relief Aid and Food: Regions struggle with flood aftermath and dwindling suppl... http://t.co/O5adXdNnII
191,flood,"Flash Flood Watch in effect through 7:00am Thursday morning/12:00pm Thursday afternoon.
For: Perry Wayne Cape... http://t.co/fs7vro5seS"
192,flood,12' 72W CREE LED Work Light Bar Alloy Spot Flood Combo Diving Offroad 4WD Boat - Full readÛ_ http://t.co/EBJz2MxLr3 http://t.co/jvVD8smJMw
193,flood,Spot Flood Combo 53inch 300W Curved Cree LED Work Light Bar 4X4 Offroad Fog Lamp - Full reÛ_ http://t.co/arR2CVbqJJ http://t.co/nahMndn8X1
194,harm,Mental health is real..?? Self harm is real..??Depression is real..?? feeling alone..?? no where to fit in..?? one day it could be you???
195,harm,@ShaunKing HARSH PENALTIES FOR LEGAL FIREARM OWNERS WHO STRAW PURCHASE A FIREARM FOR ANY FELON. GANG MEMBERS ONLY INTEND TO CAUSE HARM!
196,harm,Anger is an acid that can do more harm to the vessel in which it is stored than to anything on which it is poured ~http://t.co/UTiGx9PSry
197,harm,Politicians are using false allegations to attack #PlannedParenthood &amp; harm women. We aren't fooled we #StandwithPP http://t.co/JhseGQLbYq
198,harm,What is up with #Bears beat writers ÛÏwarningÛ fans not to get excited? What actual harm does it do to be excited? Shut the hell up!
199,harm,Never let the experiences of your past bring harm to your future. Remember your past canÛªt be altered and your... http://t.co/l9cy29sb1t
200,harm,@Norcinu @TheBodyShopAust @thomaldo tiny plastic beads used in cosmetics (scrubs toothpaste) doing great harm to aquatic ecosystems.
201,harm,Politicians are using false allegations to attack #PlannedParenthood &amp; harm women. We aren't fooled we #StandwithPP http://t.co/bIE5pfR2Ac
202,harm,Father we come 2u &amp; lift up this nation America as well as other countries 2 keep it calm &amp; deliver us from harm in Jesus name??Amen #12K??
203,hazard,Ibrahimovic &amp; Hazard Boot Test: Nike Mercurial Vapor X Test - footballfreestyle24/7: http://t.co/BZUnEPsuLP via @YouTube
204,hazard,"Whoever got compared with Hazard faded away one by one. 
Kagawa 
Januzaj 
Di Maria 
Who's next?"
205,hazard,There will be a 3-match ban for any player caught diving this season.  Looks like Hazard Costa and Young will miss half the season.
206,hazard,@mishavelgos @MattBacal8 @ComplexMag this is so accurate I can't even speak haha... Comparing hazard to harden is so true
207,hazard,@feroze17 @WarAndSetPiece No one's said Depay's gonna overtake Hazard......
208,hazard,"NVIDIA recalls some Shield Tablets because of possible fire hazard

http://t.co/M3nSIx073I

#nvidia"
209,hazard,OEM 2001 Volvo XC70 Center Dashboard Hazard Lamps Control Switch w/Vent Panel http://t.co/VXixYcbbtH http://t.co/HSDonZ49hd
210,hazard,"@fplhints hazard depay ozil Ritchie .
Should I go with 3 crazy strikers or 4 midfielders ? #fplboss"
211,hazard,Parents Beware: A Household Hazard that Won't Go Away http://t.co/91eiTHgvDB
212,hazard,Con el Crack de Hazzel Hazard?????? @ Saint John's Episcopal School https://t.co/iQ0iWYPizd
213,hazard,"'HOLD ON' 
Batman in Hazard suit. http://t.co/fSPLv8Inwr"
214,hazard,Choking Hazard Prompts Recall Of Kraft Cheese Singles http://t.co/98nOsYzu58
215,hazard,Eden Hazard John Terry and Sergio Aguero. An honourable mention for Nemanja Matic. https://t.co/4nzj9qoOay
216,hazard,@Hazard_VN @AccuracyEsports add me
217,hazard,@SuperBobbyPires Hazard Ronaldo Cantona Pepe and all those who lashed out before him.
218,hazard,Road Hazard @ E CONFEDERATE AVE SE / MORELAND AVE SE http://t.co/tym6tYmh4M
219,hurricane,AngelRiveraLibÛ_ #Snowden 'may have' broken laws? Hurricane Katrina may have caused some damage. http://t.co/jAaWuiOvdc Without Snowden hÛ_
220,hurricane,@al_thegoon i like hurricane habor next to slix flags but they got like 8 rides but they wavy &amp; hershey park
221,hurricane,Residents artists remember aftermath of Hurricane Katrina through artwork - WDSU New Orleans: WDSU New Orlean... http://t.co/U6pAvbZoB3
222,hurricane,Found out a hurricane is brewing for thursday lol ??????
223,hurricane,@ReinhardBonnke is preaching on the Holy Spirit! Holy Spirit blows atmosphere to pieces! Atmosphere is air in a jar. The HS is a hurricane!
224,hurricane,"Would you blow me kisses
If I kept my distance?
Would you send a hurricane
As proof of your existence?"
225,hurricane,HURRICANE GUILLERMO LIVE NOAA TRACKING / LOOPING WED.AUG.5TH ~ http://t.co/QktRt2J1o8 ~  http://t.co/b0JxS5QKkh http://t.co/KP05TOwSfM
226,hurricane,@leeranaldo expressing his rage about Hurricane Sandy #LCOutOfDoors http://t.co/IwPR2qGYsI
227,hurricane,@BPGVII_GOAT thanks bro ????
228,hurricane,Happy birthday bro ?? @Hurricane_Dolce
229,hurricane,Brooklyn Sites Get $2.6 Million to Undo Hurricane SandyÛªs Toll http://t.co/HukwD0RE2a
230,hurricane,I'm a hurricane.
231,injury,Low self-esteem is a common cause of self injury affecting over 40% of young people personally or someone they know. https://t.co/xeLoapZp6R
232,injury,CLEARED:incident with injury:I-495  inner loop Exit 31 - MD 97/Georgia Ave Silver Spring
233,injury,incident with injury:I-495  inner loop Exit 31 - MD 97/Georgia Ave Silver Spring
234,injury,Supermarket chains recording worst #injury rates among ASX100 companies #safety http://t.co/njiv1n6rYr
235,injury,Ankle injury to keep SpursÛª Marjanovic out of Eurobasket http://t.co/UBCggEHqyN #spurs #NBA
236,injury,nflweek1picks: Michael Floyd's hand injury shouldn't devalue his fantasy stock: Michael Floyd's damaged digits won... Û_
237,injury,New post: Cowboys believe Lance Dunbar&amp;#039;s ankle injury not serious http://t.co/XMCRedFXAt
238,injury,@_keypsters full game? Injury cut is here https://t.co/YYqws4sO9J
239,injury,Enter the world of extreme diving ÛÓ 9 stories up and into the Volga River http://t.co/gptysALfKi
240,injury,New post: Texans report: QB battle unaffected by Foster&amp;#039;s injury http://t.co/IgH2PAAHnK
241,injury,Ben Heenan carted off the field at @Colts training camp.. No word on how serious the injury is #colts #nfl
242,injury,Michael Floyd out 4-6 weeks with a hand injury. #Cardinals http://t.co/bnMKlPZNiP
243,inundated,ÛÏWe live in an area thatÛªs inundated with wildlife...If people donÛªt learn how to get along or live with them... http://t.co/KZXV6DWQ6E
244,inundated,@eliistender10 @Splats although originally an April Fools jokethey're seriously considering making them after being inundated with requests
245,inundated,@TheBrooklynLife @Giants I just want to go to the game. Enjoy it. Not be harassed.  Not be inundated with pink gear. That's all I ask!
246,inundated,@Ryanair I am waiting to hear about my claim for compensation. I have received an email saying you are inundated so there will be a delay??
247,inundated,Mexican beaches inundated with algae http://t.co/Kcm4sgrceR
248,inundated,"Our children are being inundated with the false ideas that #homosexuality is
normal and acceptable."
249,inundated,@TypeEd been a bit inundated w. Illustrative work  BUT would love to catch up! ??????
250,inundated,"[Brutally Honest Technology ]

Day after day we are inundated with messages issued via machine. Phones.... http://t.co/pB4Vbv01ax"
251,inundated,So it doesn't mean inundated with tweets? @Dictionarycom's #WordoftheDay - twitterpated http://t.co/pxoQ1TRXqr #UseYourWords #author #writer
252,inundated,It seems that we are inundated with ideas for large #weddings. Small intimate weddings are often not highlighted... http://t.co/Jshxfvllly
253,inundated,WARNING: This string will be inundated with wisdom to replenish a a leaderÛªs weary soul this day. #Sorry #NotSorry #GLS15
254,inundated,Ever notice if you follow too many fan sites they all seem to run together &amp; you feel like you are inundated with the same posts over &amp; over
255,inundated,@Rossifumibhai @alexeeles all 6 of them?! As you can see from the pic they were clearly inundated. Good try though
256,inundated,MY SCHOOL IS INUNDATED and they wont let us go home til 4pm help
257,inundated,.@38_degrees Hello. I have been inundated by people Tweeting me about some Unilever thing in India I know nothing about.
258,landslide,@R_o_M by a landslide.
259,landslide,Is this the real life? Is this just fantasy? Caught in a landslide. No escape from reality.
260,landslide,TommyGShow: Burlington County offers to purchase landslide-damaged properties in Florence http://t.co/xgguElyxyi
261,landslide,However piece of virtu site fixing bath give the gate display landslide on yours movement: DKHQgv
262,landslide,@kdudakia I get that there has been a massive turn away from Labour but that does not = electoral landslide. Credits tories too much and...
263,landslide,WATCH: Likely landslide victims denied assistance again http://t.co/BxiohtiC5X
264,landslide,@preeti_chopra2 @chinmaykrvd many predicted landslide for nitish nd told bjp will loose bihar nd won't even get upper castes votes
265,landslide,Artifacts found in southern Indiana landslide near Horseshoe Casino http://t.co/BdB0NpgPkH http://t.co/jbCC0KShol
266,landslide,it's actually funny how chihaya remains a relatively static character for most of series so far and then suddenly develops like a landslide
267,landslide,I liked a @YouTube video from @seeiey http://t.co/d8NWQce3EW Seeley - Landslide
268,landslide,.@MartinMJ22 @YouGov Which '#Tory landslide' ... you can't POSSIBLY mean the wafer-thin majority of #GE2015?!!
269,landslide,@RakestrawJeff @GOP That about sums it up. Give them a historic landslide and they do everything King Barack wants. It's just incredible.
270,landslide,omg it is I can go in dungeons with Landslide Krag now &lt;3
271,landslide,5 need to-dos seeing as how technical writing administer apps that landslide: QCt
272,landslide,"Dixie Chicks - Landslide - ??can I sail through the changing ocean lides??
??can i handle the seasons of my life??
 http://t.co/jRsGmTT3AI"
273,landslide,#CecilTownship seeks emergency repairs to Southpointe Boulevard landslide: http://t.co/ZjJdt3so72
274,landslide,How as far as landslide high exploit even with statesmanlike cv final draft inaugural?: jGIsAvq
275,lightning,It doesn't get any closer. Heavy rain just barely missed @TontitownGrape festival but lightning TOO CLOSE #TGF2015 http://t.co/S53zvMS5Rf
276,lightning,Science Info #JGF Lightning reshapes rocks at the atomic level http://t.co/R5MwlzvVHA
277,lightning,World War II book LIGHTNING JOE An Autobiography by General J. Lawton Collins http://t.co/a7iqMhvLSm http://t.co/b9vTkDjJ33
278,lightning,It doesn't get any closer. Heavy rain just barely missed @TontitownGrape festival but lightning TOO CLOSE #TGF2015 http://t.co/d9PQIXaTX6
279,lightning,Baby you're like lightning in a bottle
280,lightning,Lightning  #rebeccafav http://t.co/q9Q87mDEzY
281,lightning,Southeast Regional is in a lightning delay. Buckle up folks this is gonna take awhile.
282,lightning,iCASEIT - MFi Certified Lightning Cable - 1m http://t.co/b32Jmvsb1E http://t.co/Wnp8jkyESp
283,lightning,Lightning express golf trolleys fix ramify pretty much multitudinal areas on thine disposed: kWXGgt
284,lightning,World War II book LIGHTNING JOE An Autobiography by General J. Lawton Collins http://t.co/ihxkforg4I http://t.co/jD6lcRuOHA
285,lightning,@LtDalius after democracy
286,lightning,BANG 3 Fuckin phenomenal
287,lightning,Two Films From Villanova University Students Selected As 2015 Student Academy Award Finalists: Lightning struckÛ_ http://t.co/4jyQfhHmXf
288,lightning,It doesn't get any closer. Heavy rain just barely missed @TontitownGrape festival but lightning TOO CLOSE #TGF2015 http://t.co/zMtOp65Kx2
289,lightning,Lightning http://t.co/9DQhdEi357
290,lightning,@Followtheblonde @reba RED THUNDER AND BLONDE LIGHTNING BACK IN ACTION??????
291,lightning,Leesburg Lightning and Altamonte Springs Boom scoreless in seventh inning in FCSL playoffs
292,massacre,"#FromTheDesk of King George Kenyatta Muumbo at the Kings African Citizens

Thanks to #QuantumDataInformatics we... http://t.co/L6EYfDXaAx"
293,massacre,1 TRILLION Dollar Lawsuit Filed Against MSM For 'Staging Sandy Hook Massacre' http://t.co/qutzvk9xoP
294,massacre,embrace the beauty of the massacre that lies ahead
295,massacre,3 Years After the Sikh Temple Massacre Hate-Violence Prevention Is Key | Colorlines http://t.co/iJoORKaGyj
296,massacre,@stefsy14 the birthday massacre!!!
297,massacre,"@xMissXanthippex lmao exactly
Especially who they challenged. I didn't want michael jackson popcorn OR kermit tea watching that massacre"
298,massacre,"@WCBD 
Parents of Colorado theater shooting victim fear copycat massacre

http://t.co/LvlH3W3aWO
#Antioch

http://t.co/vIwXY1XDYK"
299,massacre,What person would possibly make a horror film about the Isla Vista massacre in order to make money off of our tragedy?
300,massacre,One Year After Massacre IraqÛªs Yazidis a Broken People http://t.co/pHqK28doni
301,massacre,The same UN who stood&amp;watched the Serbs massacre thousands of muslims in Yougslavia ?don't need any lessons off them https://t.co/Ubf3CFzfEX
302,massacre,"TimesNewsdesk : Police link beach massacre to Tunisia museum attack
Û_ http://t.co/g11Rd44rgW) http://t.co/n834UntFf1"
303,massacre,Letter after Glencoe Massacre Scotland ' Who will provide me with meat for my table ? Now that my red haired warrior is gone forever '
304,massacre,Thus ends the clam massacre of 2015. #clambake #showgirldayoff https://t.co/PtyUJJi67T
305,massacre,Saturday Night Massacre ? 25 Years Later #TomLandry?s Firing Still A Day of Infamy http://t.co/MlA71Y7mMW
306,meltdown,@julescheff @Z_Hoffman96 haha yes! I was just with Zack at Madsummer meltdown
307,meltdown,Tumblr collective meltdown. #sebastianstanisaliveandwell #civilwar ?????? http://t.co/WOc1TeVVMP
308,meltdown,@rymathieson are you coming to meltdown!
309,meltdown,Apple's momentum 'meltdown' bites investors - http://t.co/hsECqcdc7P #Apple #Stocks #Crash #TimCook #Investment
310,meltdown,.@RonFunches Loved the @meltdown_show set combined two things I enjoy: wrestling and Ron Funches.
311,meltdown,The U.S. will experience an economic meltdown similar to the early 2000s mortgage shit show due to student loans. You heard it here first ????
312,meltdown,.@kumailn love your #irongiant t-shirt on tonight's #meltdown
313,meltdown,Craving a triple chocolate meltdown from bees rn
314,meltdown,"@GRAMZD It would be an honor meeting you at the meltdown on Friday. 

Hope you like #dabs. http://t.co/MpJ2u4QSYi"
315,meltdown,CommoditiesåÊAre Crashing Like It's 2008 All Over Again http://t.co/EM1cN7alGk
316,meltdown,The meltdown I'm currently witnessing makes it seem like a delayed flight is a true anomaly instead of y'know the expected outcome.
317,meltdown,@ChelseaVPeretti's bit on @meltdown_show was also gold.
318,meltdown,@SBJohn12 I'm still waiting for one of these trailers to make up for the Mets Btm 9th 2out Rain Delay come back give up 3 runs meltdown
319,meltdown,meltdown #1
320,meltdown,CommoditiesåÊAre Crashing Like It's 2008 All Over Again - Bloomberg Business http://t.co/oxCuUqPOmR
321,meltdown,"Byproduct of #metal price meltdown is a higher #silver price
http://t.co/KBC2Ax8Zl9"
322,meltdown,Maybe after half-way party we will get drunk Meg and she'll flirt with Clay again. Then we can have a Shelli meltdown. #BB17
323,obliterate,@TrinityFox_ he would obliterate anyone who gets in the way of sleep
324,obliterate,Watch Sarah Palin OBLITERATE Planned Parenthood For Targeting Minority Women! ÛÒ BB4SP http://t.co/JWfAAu1my5
325,obliterate,It is insanity to call Climate Change more dangerous than Muslims wanting to obliterate America and Israel.  https://t.co/aA6S66huXh
326,obliterate,@RondaRousey Though I am certain that you would obliterate me fighting you would be pretty cool
327,obliterate,@BattyAfterDawn @DrawLiomDraw he's a good cute.  The kind of cute I want to obliterate.
328,obliterate,Watch local act Nathaniel Rateliff &amp; the Night Sweats obliterate the #JimmyFallon show! Link: http://t.co/pHbt1nWNZT http://t.co/v1yH353emJ
329,obliterate,@MilesWithTate but seeing the writers obliterate their characters will piss me off. So it's bad either way
330,obliterate,This is progress? Weaponry to obliterate every trace of natural life? This is absolute total lunacy. #Hiroshima http://t.co/tBhiSukfvn
331,obliterate,@PauloSergioMDC @TheIranDeal @POTUS Those silly talks trusting a terrorist nation (who hates us) that has vowed to obliterate Israel.
332,obliterate,mirajane as satan soul could obliterate me and step on my ashes any day
333,obliterate,@lionofjudah1948 @AmericanJewry The Nazis pursued their ambitions to obliterate a religion in Europe #Israel is trying to do the same
334,obliterate,@itsTiimothy bhill bruh you can obliterate beez
335,obliterate,Will Trump obliterate opponents as quick as Rousey?
336,obliterate,I'd love to see a nigga try and diss the King haha he would OBLITERATE THEM. With no struggle! https://t.co/cwn2gT0r5p
337,obliterate,Im going to obliterate my lil bro in 2k15 either with the Cavaliers or 70-71 Lakers
338,obliterate,(rubs lamp greets genie) just need the 1 wish thanks. pls obliterate anyone who has used the hashtag #youcantsitwithus
339,obliterate,#dating Absolute Approaching: Unique 21-day course program to obliterate approach anxiety to get more dates. http://t.co/F6ZEiykZRL
340,obliterate,@Wadeycakes @ThunderCastTV you're right Thunder would obliterate you #HEYOOO
341,obliterate,@ohnoeunhae Hyukkie &amp; Chullie aim to completely obliterate the ship that was Eunhae.
342,outbreak,Families to sue over Legionnaires - More than 40 families affected by the fatal outbreak of Legionnaires' disease ... http://t.co/urbl692Syj
343,outbreak,Families to sue over Legionnaires: More than 40 families affected by the fatal outbreak of Legionnaires' disea... http://t.co/yfsD4xS7lc
344,outbreak,Families to sue over Legionnaires: More than 40 families affected by the fatal outbreak of Legionnaires' disea... http://t.co/z16jNX3LQe
345,outbreak,Legionnaires' Disease: What's Being Done to Stop Deadly Outbreak http://t.co/Ud96b7ThsV
346,outbreak,Mumps outbreak at University of Illinois grows http://t.co/7xYkuJylX0 #SEBEE
347,outbreak,Families to sue over Legionnaires: More than 40 families affected by the fatal outbreak of Legionnaires' disea... http://t.co/A6xRnI8XHg
348,outbreak,Families to sue over Legionnaires: More than 40 families affected by the fatal outbreak of Legionnaires' disea... http://t.co/RJEN6iMWPI
349,outbreak,Families to sue over Legionnaires: More than 40 families affected by the fatal outbreak of Legionnaires' disea... http://t.co/boZfh1M3wb
350,outbreak,Families to sue over Legionnaires: More than 40 families affected by the fatal outbreak of Legionnaires' disea... http://t.co/6oPYSf87K2
351,outbreak,More than 40 families affected by the fatal outbreak of Legionnaires' disease in Edinburgh areÛ_ http://t.co/XpvKqME5Ls
352,panic,Panic - Sublime with Rome
353,panic,@Kayhow21 I may have a panic attack during this coinflip
354,panic,@SixSecondCov he sounds more like panic at the disco ??
355,panic,"Tried 2 4get
Feelings of death
Invading panic spawns
Can't concentrate
No 1 relates
Stealing all the light
Spreading thin a soul in sections"
356,panic,"Don't blame the messenger. Food panic in Venezuela. 1 minute video.Thanks SHTFPlan!
https://t.co/QBSTQXA6QX"
357,panic,@puzzledtriangle please inform me of that date because that song very accurately reflects the panic of the week before
358,panic,I added a video to a @YouTube playlist http://t.co/hLeON4klNR Panic! At The Disco: I Write Sins Not Tragedies [OFFICIAL VIDEO]
359,panic,Panic attacks are always lovely
360,panic,Now playing : Roppongi Panic [22PM] by @candydulfer #listen at http://t.co/ozoD1fdgas - Buy it http://t.co/8IZn6fw2qe http://t.co/uhgHpUiivf
361,panic,Confession 8 I smoked a whole bowl of the holy meca and had a panic attack
362,panic,someone hold my hand and tell me ITS OKAY because I am having a panic attack for no reason
363,panic,Sending your kid to college? Don't panic! Check out coping tips from a rabbi/social worker: http://t.co/7HEaFOGkOU http://t.co/6bj2yf7pC7
364,panic,I added a video to a @YouTube playlist http://t.co/DzHDBiajS5 Panic! At The Disco: The Ballad Of Mona Lisa [OFFICIAL VIDEO]
365,police,Police arrest suspect in killing of Mexican journalist and 4 women http://t.co/uvxLZhIG4R
366,police,A man tried to steal my phone I saw ye police near me and punched him and started shouting for them. I ran after him for two miles....
367,police,FOLLOW-UP at 4700 BLOCK OF SW 11TH ST GRESHAM OR [Gresham Police #PG15000044153] 17:00 #pdx911
368,police,"Stockton Shooting Kills One Officers Investigating: STOCKTON ÛÓ
Stockton police are investigating a shooting t... http://t.co/7vnrB5kurU"
369,police,EFF and MuckRock run census to find out how local police track your biometrics http://t.co/vA9PvpS9Dj
370,police,Acting Public Information Officer (PIO) Until Monday August 10 http://t.co/FEBu2dH9Hs http://t.co/DsxV9p4eBz
371,police,Police: Tennessee theater shooting suspect was 29 http://t.co/CthoDZpLW3 #Philadelphia #News
372,police,#Np love police @PhilCollinsFeed On #LateNiteMix Uganda Broadcasting Corporation. UBC 98FM #Radio/ #Uganda / #MbbLive
373,police,@tcbinaflash77 honestly I can't understand why @chanelwestcoast is blaming the police when she wasn't cuffed buy them. #1oak
374,police,Now Trending in Nigeria: Police charge traditional ruler others with informantÛªs  murder http://t.co/DQhpm4A5qY
375,police,ASSIST - CITIZEN OR AGENCY at NE LLOYD BLVD / NE OREGON ST [Portland Police #PP15000266835] 17:11 #pdx911
376,police,@longshipdriver the police here in the U.S. need to stop killing people
377,police,?? #Police Gents Dart #Watch Stainless Steel Bracelet and White Dial + Gift Box http://t.co/jM85C2uXQY http://t.co/SRogObPiiv
378,quarantine,chickmt123: #letsFootball #atk WIRED : Reddit will now quarantine offensive content http://t.co/wvn6GrIyPq (httpÛ_ http://t.co/pgIHchdURJ
379,quarantine,#callofduty #advancedwarfare COD Advanced Warfare Reckoning DLC 4 Quarantine Gameplay http://t.co/huNMYHyAHp
380,quarantine,Reddit Will Now Quarantine Offensive Content via #Wired http://t.co/g8EF8dU9Cy
381,quarantine,@astolfialessio Reddit Will Now Quarantine Offensive Content http://t.co/XQkcD0qV3c
382,quarantine,@kirillzubovsky your Tweet was quoted by @WIRED  http://t.co/E90J3vJOLc
383,quarantine,Changelessly handle dominant quarantine folders toward yours solemnity: hjt http://t.co/ccTt1mY7FA
384,quarantine,New post: 'Reddit Will Now Quarantine Offensive Content' http://t.co/ZuyTIBdIRk
385,quarantine,Reddit Will Now Quarantine Offensive Content &gt;&gt; http://t.co/WcIzstXk4f
386,quarantine,Reddit Will Now Quarantine Offensive Content http://t.co/KDc97PrQcc
387,quarantine,'Quarantine.' Enforced isolation to prevent contamination that could lead to disease or in some cases death.
388,quarantine,Reddit Will Now Quarantine Offensive Content: Reddit co-founder and CEO Steve Huffman has unveiled more specif... http://t.co/EkZmMxU9GN
389,quarantine,Metal detectors protect public places from guns. Why not mental illness detectors to stop crazy shooters? And quarantine weirdos w/weapons..
390,quarantine,? http://t.co/jGRA7oOISN #Reddit Will Now Quarantine Offensive Content #wired #tech http://t.co/0lTJzyrdS3 ? http://t.co/GvKDAQ4vkh
391,quarantine,Reddit Will Now Quarantine Offensive Content: Reddit co-founder and CEO Steve Huffman has unveiled more specif... http://t.co/Epd8pLtrWP
392,quarantine,Reddit Is Planning to 'Quarantine' Its Most Toxic Communities http://t.co/KlVxYN2EJK #mcgtech
393,quarantine,Reddit updates content policy promises to quarantine Û÷extremely offensiveÛª communities http://t.co/GJKCALiUHk
394,razed,#CecilTheLion The Latest: More Homes Razed by Northern California Wildfire - New York Times: ... http://t.co/Vi05Yq85Ly #Harare #263chat
395,razed,'The Latest: More Homes Razed by Northern California Wildfire' by THE ASSOCIATED PRESS via NYT http://t.co/rDF0ZuW7lZ
396,razed,#?? #?? #??? #??? The Latest: More Homes Razed by Northern California Wildfire - New York Times  http://t.co/IPnHSIyorc-
397,razed,? Razed In Black - Whipped ? http://t.co/oAE9LgtCtI #nowplaying
398,razed,The Latest: More Homes Razed by Northern California Wildfire - ABC News http://t.co/55IdFT20A2 http://t.co/2VSX1yO5hT
399,razed,@RazeD_ yea in this photo
400,razed,The Latest: More Homes Razed by Northern California Wildfire - ABC News http://t.co/ATokCD74bA
401,razed,ABC News The Latest: More Homes Razed by Northern California Wildfire ABC News The latest onÛ_ http://t.co/RruNs5rDz5
402,razed,World News&gt;&gt; 'The Latest: More homes razed by Northern California wildfire - http://t.co/M6OK4EH3ob' http://t.co/VGa0OhB6XF
403,razed,From the Archive: National Poetry Month: Anterior of a Razed Room http://t.co/7ARN4OBiyC
404,razed,The Latest: More homes razed by Northern California wildfire - SFGate http://t.co/65hunplHYB
405,razed,Guess who's got a hilarious new piece on @RazedOnIt? @honeystaysuper! 51 Things You Should Never Say to a Mother Ever http://t.co/ikRHIb9x0a
406,razed,The Latest: More Homes Razed by Northern California Wildfire - ABC News http://t.co/ORdoKfUIBm
407,razed,The Latest: More Homes Razed by Northern California Wildfire - ABC News http://t.co/lj4J54vxq3
408,razed,The Latest: More Homes Razed by Northern California Wildfire - ABC News http://t.co/VP6wbXMZmj
409,rescue,@bcook28 @zacktiller30 bring in the rescue squad ??
410,rescue,Florida Firefighters Rescue Scared Meowing Kitten from Vent Shaft http://t.co/RVKffcxbvC #fire #firefighter
411,rescue,@X_Man_Kitty @WolvenBeauty @_NickWilson__ //Shit...alright time to launch a black ops mission to rescue my alpha
412,rescue,Last Chance Animal Rescue has 3 new posts. http://t.co/qtEqA5kvpy #animalrescue | https://t.co/ec46LyQQc6
413,rescue,@wcvh01 @1233newcastle @aaronkearneyaus @LesMcKeownUK  PS I notice you are a vet?? I rescue kitties ?? .thank you for your service ??????????
414,rescue,Officials rescue 367 migrants off Libya; 25 bodies found - Fox News http://t.co/9CAignPR6S #NoAgenda #MvDint
415,rescue,kayaking about killed us so mom and grandma came to the rescue.
416,rescue,8' MTech Assisted Open RESCUE Pocket Knife - NEW BLUE MT-A801BL zix http://t.co/51n2rZEBis http://t.co/P4lNbjDo0x
417,rescue,Beauty Deals : http://t.co/eUd317Eptp #4552 Lot of 50Mixed Colors 7.5' Scissors FirstAid Princess Care Rescue TrÛ_ http://t.co/mAHkV79SmW
418,rescue,"If a picture is worth a thousand words what would this one say??

How a Lexington veterinarian's passion for... http://t.co/Y8dY39OhAL"
419,rescue,"Revel8ion Media recently went out to support the 'Rocky Fire' rescue efforts. This is what we filmed.
#RockyFire  http://t.co/Haxz4XLs8d"
420,riot,@CHold ironically RSL call their stadium the Riot
421,riot,If John Bateman scores we riot... https://t.co/zuPz8ZlO2X
422,riot,@CazorlaPlay Fran. Hey check out the Secret on how to get 325.000 Riot Points LoL Check it on my Bio Profile
423,riot,"@AlexandBondarev Discovered by @NickCannon 
 Listen/Buy @realmandyrain #RIOT on @iTunesMusic @iTunes https://t.co/dehMym5lpk Û_ #BlowMandyUp"
424,riot,Stuart Broad Takes Eight Before Joe Root Runs Riot Against Aussies: Stuart Broad took career-best figures of 8... http://t.co/2UmwMG7lvN
425,riot,"@hawk_nancy Discovered by @NickCannon 
 Listen/Buy @realmandyrain #RIOT on @iTunesMusic @iTunes https://t.co/dehMym5lpk Û_ #BlowMandyUp"
426,riot,To All The Meat-Loving Feminists Of The World Riot... http://t.co/tNI5SCpBMA #followme | https://t.co/OFtj2sXYPf http://t.co/lVYemK99uV
427,riot,To All The Meat-Loving Feminists Of The World Riot Grill Has Arrived http://t.co/7TMBbGxSK8 @OwenHarris82
428,riot,To All The Meat-Loving Feminists Of The World Riot Grill Has Arrived http://t.co/MK9ZIp2ro7
429,riot,@Riot_Sweet @jfwong @MtgoDoc @JoshLeeKwai wait.. what dates?? ill be at MSG and PAX =(
430,riot,#ModiMinistry Stuart Broad Takes Eight Before Joe Root Runs Riot Against Aussies http://t.co/rc22r1xlIs
431,riot,I'm Role Play of Ulzzang Park Hyung Seok. 92 Liners. Be bleased with me. I'll do the same.
432,riot,To All The Meat-Loving Feminists Of The World Riot Grill Has Arrived: Pop quiz! Which do you prefer: feminist... http://t.co/MoGytSxvOa
433,riot,Matt Baume Digs Into the the Controversial Û÷StonewallÛª Trailer and Who the Real Heroes of the Riot Were: VIDEO http://t.co/HRoxD1qpua #gay
434,riot,Riot police intervene after Southampton and Vitesse Arnhem supporters clash: Û¢ Fans clash in buildup to second legÛ_ http://t.co/I8GX67wbGv
435,riot,Riot police intervene after Southampton and Vitesse Arnhem supporters clash: Û¢ Fans clash in buildup to second... http://t.co/OBBcoMKAWf
436,ruin,@OrianaArzola does he not have any manners or something? Jfc. You have all the rights to be mad! But hey try not to let this ruin your day
437,ruin,"so in my rant about how i dont allow peens near my face i realized why I'm still single.

sex is going to ruin me. or lack thereof anyway."
438,ruin,fUCK I CANT WAIT TO RUIN AUBREY'S WHOLE FIC AND MAKE IT SO BAD
439,ruin,They like raunchy trash then make it real and ruin lives and the potential of phenomenally I assume self raised good Christian human beings
440,ruin,Any man who tries to be good all the time is bound to come to ruin among the great number who are not good.
441,ruin,My sister really always has to ruin my life.
442,ruin,FUCK MY LIFE THESE BOYS ARE GONNA RUIN MY LIFE FORREAL http://t.co/mf9nGfphbN
443,ruin,Reality continues to ruin my life.
444,ruin,He said he's 'gonna put a ring in my Harvey's burger since i love it so much it's the perfect metaphor'.. NOOO you can't ruin my burger wtf
445,ruin,This fly is a major problem for us: It will ruin our batch and we need to destroy it and every trace of it so we can cook.
446,ruin,Plans always ruin.
447,ruin,Don't ruin a good today by thinking about a bad yesterday ????
448,ruin,To respect those who wait to watch #UltimaLucha  any tweets will be spoiler free and not ruin the result. #LuchaUnderground
449,screams,"-mom screams from kitchen- 
'WHERES MY AVOCADO!?'

-waits patiently for mom to beat the avocado off my head- :)))))) http://t.co/LUUaY2JSJn"
450,screams,one of my fav lydia screams is in 4x11 when she shows up at derek's loft
451,screams,*screams internally*
452,screams,@McKenzieBlackw1 love you! Sorry for my screams
453,screams,screams into void? https://t.co/XRlzvFeiLH
454,screams,@simplyysacred dude like he screams his soul out
455,screams,@sugayiffer SCREAMS UR SUCH A CUTE HANAYO
456,screams,@ShojoShit /SCREAMS
457,screams,Curvaceous LADY screams like a mad dog in a Nairobi Club See what happened (VIDEO) - #KOT Join Mature... http://t.co/1szi9X22cr
458,screams,*aggressively screams* https://t.co/8bHaejsUUt
459,screams,Oh no!  @ATPWorldTour is letting one of their players scream!  Turning @CitiOpen off. Can't listen to the screams
460,screams,@melodores @Hozier *SCREAMS*
461,screams,SCREAMS I LOVE THIS VINE https://t.co/PKnBZLHOSc
462,screams,OMGGGG SCREAMS I'M THINKING I'LL SEE ACTUAL DICKS
463,screams,The screams when Niall touches his dick yes http://t.co/U5Iu6pfNh6
464,sinking,Sinking a little slower everyday ?? @ Muh Pond https://t.co/KuA48GdREL
465,sinking,"If you're lost and alone
Or you're sinking like a stone.
Carry on
May your past be the sound
Of your feet upon the ground"
466,sinking,@andreajmarkley @edjschenk @SenTedCruz If you call forward sinking into a cesspool you might be right
467,sinking,Do you feel like you are sinking in unhappiness? Take the quiz: http://t.co/LNzz0ZFrom http://t.co/TGKpnqAbHh
468,sinking,Don't think I can be more blunt lol yet the message still isn't sinking in ??????
469,sinking,HELP ME I'M SINKING
470,sinking,that horrible sinking feeling when youÛªve been at home on your phone for a while and you realise its been on 3G this whole time'
471,sinking,"Sinking. {part 2}
??????
#buildingmuseum #TheBEACHDC #VSCOcam #acreativedc #dc #dctography #vscodcÛ_ https://t.co/SsD9ign6HO"
472,sinking,heart sinking like a sunset?? https://t.co/3cXPRDJFfe
473,siren,@kundalini121 @manyvids thank you again... ir truly wonderful
474,siren,@ryan_defreitas for me it's Revs Per Minute but the opening tune on Siren Song is UNREAL
475,siren,"@Siren_Six @B30wu1f2 
Well then we see things differently."
476,siren,@Foxy__Siren best wishes boo????????
477,siren,WHELEN MODEL 295SS-100 SIREN AMPLIFIER POLICE EMERGENCY VEHICLE - Full read by eBay http://t.co/Q3yYQi4A27 http://t.co/whEreofYAx
478,siren,@Kronykal @B30wu1f2 I see no point in countering skewed statements. Dumb statement is dumb.
479,siren,WHELEN MODEL 295SS-100 SIREN AMPLIFIER POLICE EMERGENCY VEHICLE - Full read by eBay http://t.co/UGR6REFZpT http://t.co/eYyUqX4Tbt
480,siren,I love dat lady '@Crhedrys: ???? you nko?'@Foxy__Siren: Oh finally Jennifer Aniston got married??????... I'm so happy for her ??????''
481,siren,Police siren sound effect 1 via Play Tube Fre http://t.co/BLWnTMyQmQ
482,siren,Ebay Snipe RT? http://t.co/tRw1OmykQz Whelen Sa-314  Siren Pa Speaker Mount Bracket Universal  With Screws ?Please Favorite &amp; Share
483,storm,If you like rock music you should care about 5 Seconds Of Summer. HereÛªs why. paper-storm: I am a fan of Au Û_ http://t.co/eqEeUVpRQQ
484,storm,Warcraft 3-Inspired Mode Likely Hitting Heroes of the Storm http://t.co/848CVWWdOt
485,storm,Well this storm hit out of no where! ??
486,storm,"If you've got it flaunt it! 
Unless you've got an awful lot of it...then please don't."
487,storm,The Florence Regional Airport Director says no major damage at airport from yesterday's storm. No evacuations and no blown out windows.
488,storm,Want to know how to get the edge and storm Rock Paper Scissors http://t.co/YHzo0L7vtV #GameChanger
489,storm,Storm &amp; Family tonight http://t.co/0aP7MoNtjF
490,storm,IGN: A Warcraft 3-inspired mode is likely coming to Heroes of the Storm http://t.co/2qVgImRo0R http://t.co/VTRoCiHSne
491,storm,Another next day #ThrowbackThursday of Kinky Kristy and @KyleSalive rehearsing up a storm! #DoingHashtagsRight http://t.co/UJ9hxUg7QS
492,storm,Aurora Prediction: Kp: 3.33(11:16) 4.67(14:16) AK (earth 2.00) 75% Status: Low Storm
493,storm,@DovahSwag @Gray_Greymane DotA 2 &gt; Heroes Of The Storm &gt; League Of Legends
494,storm,Storm rolling into Hilton Head gonna be fun
495,storm,Man united is not just about playing football like he did back at Spain its about passion courage and endurance to ride the storm.
496,storm,Û÷SexistÛª peer review causes storm online https://t.co/WO2T0K4zXi via @timeshighered
497,storm,"Gets violently ill and it's obvious
Male coworker(unaware of why): don't get everyone else sick!
Sir you cannot catch this #periodstories"
498,survive,@ASOLIDRIGHTHOOK omg I remember that?? she just didn't give a shit yet somehow she managed to survive Idek how
499,survive,@amyschumer you eat food in order to survive?! Ugh and to think how much I admired you.
500,survive,Only 3 months to XCOM 2. I can survive that long. Right? Right?
501,survive,theyre training all the celebrities 2 b  superheroes so wen the apocalypse occurs theyll survive/repopulate earth w/ superior/hot beings
502,survive,"#Rick Grimes: 'We'll survive. I'll show you how.'

#TheWalkingDead
Season 5
#Conquer
29 Mar 2015 http://t.co/PbAFmAlgtb"
503,survive,You deserve love but a queen don't need a king to survive??
504,survive,'I mean if the relationship can't survive thezlong term why on earth would it be worth my time and energyqfor the short term?'
505,survive,#ScienceDaily Parental experience may help coral offspring survive climate change http://t.co/M2tJoxkCoU
506,survive,No @Rookiebluetv tonight?? how will I survive?! @RookieBlue_ABC @mperegrym
507,survive,"The #Future of Insurance and Driverless #Cars: Can the #Insurance Industry Survive #Driverless Cars?
http://t.co/zEARtXBOFt"
508,survive,in this game you and candy and friends attack in the pizzeria your mission survive the night
509,survive,@wildestsdream idkidk they're not breaking up although if they do i'll survive because solo harry bless
510,survive,Just stop and survive off that there such purchases
511,survive,did harry survive the show
512,survive,#WWII #SGM T34 in flames but with tank of gasoline to the outside it is likely that the crew survive . http://t.co/Psz22ky0fM
513,survive,Survive! ???? no sleep as in!
514,survive,#Aquarius women are not the vulnerable type so you do not have to worry about her. She will survive all by herself.
515,survive,Took the time to finally install #win10 on one of my systems. Let's see if it will survive a weekend of #lanparty.
516,survived,"Grandma's friends survived to the attack in Hiroshima but they died with cancer when kids/teenagers??
#BombEffects"
517,survived,Fotoset: ÛÏYou are the person who survived a bunch of rainstorms and kept walking. I now believe that pain... http://t.co/xEGNtXnH3B
518,survived,@FoxNews my father's mother survived it. Never met her.
519,survived,Good news Adam Barton survived the helicopter crash in #Emmerdale maybe now he can start training &amp; get match fit. #Pompey
520,survived,Don't even know how I survived that http://t.co/zigDPaCq5B
521,survived,Lets see how long i survived b4 i fall back to dreamland
522,survived,@Babypicturethis SNACKS SNACKS SNACKS. Snacks is how we survived flights with W&amp;P when they were wee.
523,survived,Bucket list checked 3 hours of sleep in 2 days with 3 presentations on the second day and survived ??
524,survived,Survived my first #tubestrike thanks to @Citymapper
525,survived,The 390-Year-Old Tree That Survived the Bombing of Hiroshima http://t.co/kEirA8MA3K
526,survived,@justgetawayx everything will turn out fine!! I went to lp/om&amp;m alone and survived it and so can you
527,survived,You'll be pleased to know I survived my dental appointment ??
528,survived,Oh my days!!!! Thank God Cain has survived!!! ??#Emmerdale #SummerFate
529,survived,How would you like to be remembered? ÛÓ On how i survived big achievements and what i really am. http://t.co/X7r2LNjsh8
530,survived,Wow that was a tough final. I barely survived ??
531,survived,I survived the tube strike! This is my victory smile ;D http://t.co/L3Y3x2Cats
532,survived,Trapped a bee in my shoe only one of us survived I just ran 0.15 mi @ a 13'46'' pace with Nike+. http://t.co/IbG4ynJsw8 #nikeplus
533,terrorism,"Cross-border terrorism: Pakistan caught red-handed again
http://t.co/FfbnLuiy0f via@timesofindia"
534,terrorism,@BBCNewsAsia State sponsored terrorism.
535,terrorism,Judges considering fate of children as young as two amid radicalisation fears http://t.co/EgWU4mJV0a
536,terrorism,A Brief History of False Flag Terrorism | Wake Up World - http://t.co/KTeqJRXzpc via http://t.co/yZxlQeMKPF
537,terrorism,Online Homeland security: An Appraisal of #PakistanÛªs #Anti-Terrorism #Act http://t.co/aeRU3nStpN
538,terrorism,"Truth...
https://t.co/GLzggDjQeH
#News
#BBC
#CNN
#Islam
#Truth
#god
#ISIS
#terrorism
#Quran
#Lies http://t.co/MYtCbJ6nmh"
539,terrorism,Combating #fear of #terrorismturn off your tv &amp;Veterans For Peace Calls 4 an End 2 #NATO #VFP http://t.co/YPPG4kZIpS http://t.co/cBfdI6LF2X
540,terrorism,Cross-border terrorism: Pakistan caught red-handed again http://t.co/NVGNF9AcuU
541,terrorism,New US counter #terrorism program urges #Muslims to rat each other out critics say http://t.co/r0w85x3b0z http://t.co/VUUQqBo6mp
542,terrorism,People buyout over terrorism and Isis but have a better chance getting shot at in a movie theater  https://t.co/jkdjH2zw8s
543,terrorism,Cross-border terrorism: Pakistan caught red-handed again @timesofindia http://t.co/ZfdcWV4ch0
544,terrorism,"?? Iran largest sponsor of terrorism
?? If #IranDeal goes thru US gives $150 Billion

?? FACT: US will become largest supporter of terrorism"
545,terrorism,"Truth...
https://t.co/Kix1j4ZyGx
#News
#BBC
#CNN
#Islam
#Truth
#god
#ISIS
#terrorism
#Quran
#Lies http://t.co/pi6Qn7y7ql"
546,terrorism,New US counter #terrorism program urges #Muslims to rat each other out critics say http://t.co/mVn6T9VhUl http://t.co/7lUfjX684i
547,terrorism,@Daggy1 Maybe reagan giving weapons to Iran's regime in the 1980s is terrorism no?
548,terrorism,"Truth...
https://t.co/n1K5nlib9X
#News
#BBC
#CNN
#Islam
#Truth
#god
#ISIS
#terrorism
#Quran
#Lies http://t.co/CGz84MUOCZ"
549,terrorist,Terrorist attack in #Udhampur district in J&amp;K; 2 SPOs injured
550,terrorist,Udhampur terror attack: NIA takes over probe Pakistani terrorist quizzed; Pak denies link  http://t.co/i3gLzABeGl
551,terrorist,Three Israeli soldiers wounded in West Bank terrorist attack - Haaretz http://t.co/Mwd1iPMoWT #world
552,terrorist,Lupe know how to rap about social issues and not be boring.  American Terrorist All Black Everything and Little weapon are good examples
553,terrorist,POLLS:  SHOULD THE UNBORN BABIES OF BOKO HARAM TERRORIST BE KILLED IN THEIR MOTHERS WOMB OR SPARED?                http://t.co/3skw0DqZ0r
554,terrorist,RT AbbsWinston: #Zionist #Terrorist kidnapped 15 #Palestinians in overnight terror on Palestinian Villages Û_ http://t.co/J5mKcbKcov
555,terrorist,Reading rec today: Faisal Devji's Terrorist in Search of Humanity on extremists using idea ever since the bomb of humanity as single entity
556,terrorist,@VICE no sympathyONLF is a terrorist group affiliated with AL shabab This is war! Go report on  war crimes committed by Western powers!
557,terrorist,"RT AbbsWinston: #Zionist #Terrorist Demolish Tire Repair Shop Structure in #Bethlehem
http://t.co/ph2xLI8nVe http://t.co/22fuxHn7El"
558,terrorist,Tltltltltlttlt @P_Grolsh: Ladies are doing gymnastics in the shower!!! Opening legs wider wololo #MetrofmTalk'
559,terrorist,To whom we shld ask tht from where this bldy PAK terrorist has entered in our country...?
560,terrorist,#Article 370 hs to.remove by this govt.otherwise our son who is on Border 'll b slain by Muslim terrorist.Bstrd Media takig SculrismFinis'em
561,terrorist,something is seriously wrong.suddenly deres one attack after anoder.Did a large contingency of terrorist... http://t.co/MVhjSelV5z
562,terrorist,Stop using the money of tax layers of the country to feed bloody terrorist. Shot them and give a strong msg as other country does...
563,terrorist,I always wonder why and how media is capable to meet or get details of terrorist? Cops dont even get to know them primarily? Strange
564,terrorist,#Congi &amp; Indian News Presstitutes must be sympathising on the Terrorist caught alive in Jammu.If they can do for Yakub Sonia must be feeling
565,terrorist,@RegaJha @sethiankit True also a racial attack in US perturbs buzzfeed India more than 3 back to back terrorist attacks on India..
566,terrorist,Okay #MetroFmTalk
567,terrorist,[August 06 2015 at 08:02PM] Three Israeli soldiers wounded in West Bank terrorist attack via http://t.co/6nDHERpBoT
568,tornado,I asked my dad 'what if a tornado comes ?'and he said 'well you better stick your head between your legs and kiss your butt goodbye'??
569,tornado,Storm damage maybe a tornado near Chadbourn. See http://t.co/gAs4sS3dKS http://t.co/zlhVYArtCU
570,tornado,Going to attempt the California fair again tomorrow hopefully we don't die in a tornado ??
571,tornado,#tornado #singapore Mac and #cheese #around the world - mac cheese cookbook: http://t.co/rgAm3eQOwn Mac and Ch http://t.co/X6ZJpzB8UP
572,tornado,http://t.co/Dg0EcBYKJL Tornado warnings end after thunderstorms hammer Calgary region for 2nd night #HeadlinesApp
573,tornado,(AL)  Severe Thunderstorm Warning issued August 05 at 8:44PM CDT until August 05 at 9:15PM CDT by NWS http://t.co/bviYy8BMsb #alwx
574,tornado,"Saam's character rocks! @OliLafont A must read for #Fantasy #mythology lover 
http://t.co/izgHpYQko4 http://t.co/XAibgO445o #TornadoGiveaway"
575,tornado,Tornado warnings issued for southern Alberta http://t.co/zqmzAi8yIz
576,tornado,@MarquisDeSpade You can tell yer sins to me. I won't judge you. Take your clothes off and we can sing a hymn. Let's do Abba .@TORNADO_CHICK
577,tornado,@sarahnandola BTW we all live in libertyville now. Bc of the tornado
578,tornado,A tornado flew around my room before you came...
579,tornado,@dead_last I'm going to live out of my car for a year probably 2016 life goals :)
580,tornado,#TornadoGiveaway åÊ #thebookclub åÊ Join in!! https://t.co/8qucf6sgOc https://t.co/5U1t8hc4uf
581,tornado,Loving you was like throwing a lasso around a tornado I tried to hold on to.??
582,tornado,Blonde beauty Amanda shows you her big natural boobs in her first set http://t.co/qew4c5M1xd View and download video
583,tragedy,Rly tragedy in MP: Some live to recount horror: ÛÏWhen I saw coaches of my train plunging into water I called ... http://t.co/KiXRcBNjLs
584,tragedy,@enjoltair that would be both a tragedy but also extremely realistic and p cool yeah sure
585,tragedy,"@TEDMED
I remember my friend Jeff Weisberg saying ÛÏIf I can only gat back from this ER shift w/out a kiddie tragedy'"
586,tragedy,'1 Death is a tragedy; a million Deaths is a statistic.' Stalin August 6 1945 U.S. Atomic Bomb Dropped On... http://t.co/kaMPx4eOS9
587,tragedy,They can only ban SAFE abortions- back alley tragedy will come back.  USA is NOT a theocracy!!!!! http://t.co/qIkS2FUTb1
588,tragedy,@MindfulYoga responds to the tragedy of #CecilTheLion http://t.co/5tPZ7loLlX #yoga #compassion @Hugger_Mugger http://t.co/MhIF6mPNTs
589,tragedy,@MeekMill Have your beef Idgaf but you went too far when you used a tragedy where PEOPLE DIED to insult Drake. You owe T.O an apology.
590,tragedy,If our love is tragedy why are you my remedyyyy
591,tragedy,jiwa mines Rly tragedy in MP: Some live to recount horror: ÛÏWhen I saw coaches of my train plunging into water... http://t.co/LOEPKBS38J
592,tragedy,Rly tragedy in MP: Some live to recount horror: ÛÏWhen I saw coaches of my train plunging into water I called ... http://t.co/BdlqasD0wB
593,tragedy,These women all bonded through tragedy. All of em were broken in some way
594,tragedy,Rly tragedy in MP: Some live to recount horror: ÛÏWhen I saw coaches of my train plunging into water I called ... http://t.co/cSPAmWTo6T
595,tragedy,Rly tragedy in MP: Some live to recount horror: ÛÏWhen I saw coaches of my train plunging into water I c... http://t.co/AWWg8kNMZg Over.
596,tragedy,Rly tragedy in MP: Some live to recount horror: ÛÏWhen I saw coaches of my train plunging into water I called ... http://t.co/HR4GNyGSiC
597,traumatised,I've spent the day  traumatised about the fact that there is loads of good music out there and I'm probably not going to hear it all
598,traumatised,Can you imagine how traumatised Makoto would be if he could see himself in the dub (aka Jersey Shore AU) rn? Well done America
599,traumatised,@TremendousTroye I'm so traumatised
,,
,,
,,
,,
,,
,,
,,
,,
,,
,,
,,
,,
,,
,,
,,
,,
,,
,,
,,
,,
,,
,,
,,
,,
,,
,,
,,
,,
,,
,,
,,
,,
,,
,,
,,
,,
,,
,,
,,
,,
,,
,,
,,
,,
,,
,,
,,
,,
,,
,,
,,
,,
,,
,,
,,
,,
,,
,,
,,
,,
,,
,,
,,
,,
,,
,,
,,
,,
,,
,,
,,
,,
,,
,,
,,
,,
,,
,,
,,
,,
,,
